time,price,quantity
1631435232.591121,180.39000000,0.37000000
1631435232.591773,180.37000000,1.41000000
1631435232.778337,180.37000000,0.70000000
1631435232.779105,180.36000000,1.69000000
1631435233.428424,180.36000000,10.55000000
1631435233.43434,180.37000000,0.09000000
1631435233.504342,180.36000000,1.11000000
1631435233.528573,180.36000000,8.21000000
1631435233.598531,180.36000000,0.13000000
1631435233.778474,180.36000000,1.49000000
1631435233.78461,180.37000000,0.27000000
1631435234.4283898,180.37000000,5.00000000
1631435235.228555,180.40000000,3.50000000
1631435235.229792,180.40000000,6.46000000
1631435235.2303848,180.40000000,34.64000000
1631435235.230979,180.40000000,3.00000000
1631435235.678411,180.45000000,5.00000000
1631435235.691081,180.47000000,0.64000000
1631435235.692018,180.47000000,32.96000000
1631435235.7284129,180.47000000,1.06000000
1631435235.728961,180.47000000,0.48000000
1631435235.8286889,180.47000000,0.10000000
1631435235.829391,180.47000000,40.90000000
1631435235.928413,180.47000000,6.60000000
1631435235.953378,180.47000000,5.04000000
1631435236.878453,180.50000000,2.12000000
1631435237.4285371,180.50000000,0.53000000
1631435237.507304,180.49000000,0.42000000
1631435239.255595,180.59000000,0.89000000
1631435239.303454,180.59000000,1.72000000
1631435239.5285618,180.59000000,0.89000000
1631435239.529396,180.61000000,0.06000000
1631435240.852502,180.60000000,2.00000000
1631435240.9344661,180.60000000,11.95000000
1631435241.8833768,180.60000000,6.05000000
1631435241.88413,180.58000000,2.95000000
1631435241.935164,180.58000000,9.00000000
1631435242.078558,180.62000000,13.84000000
1631435242.079506,180.66000000,5.00000000
1631435242.080002,180.67000000,1.17000000
1631435242.080535,180.68000000,2.14000000
1631435242.0809338,180.69000000,8.66000000
1631435242.081407,180.69000000,8.82000000
1631435242.837821,180.69000000,0.54000000
1631435242.879209,180.69000000,6.00000000
1631435242.888433,180.69000000,1.86000000
1631435242.904053,180.69000000,0.14000000
1631435242.904611,180.69000000,4.00000000
1631435242.956814,180.63000000,6.00000000
1631435244.2285812,180.66000000,8.29000000
1631435244.611062,180.65000000,4.16000000
1631435245.879466,180.59000000,0.06000000
1631435245.9420228,180.60000000,1.06000000
1631435247.5497868,180.61000000,0.14000000
1631435248.4942122,180.68000000,8.71000000
1631435248.4949162,180.69000000,0.96000000
1631435249.296552,180.71000000,2.59000000
1631435250.628692,180.71000000,4.83000000
1631435250.728682,180.80000000,2.00000000
1631435251.6372638,180.77000000,3.98000000
1631435253.5312371,180.68000000,1.80000000
1631435254.1994722,180.71000000,100.00000000
1631435255.747473,180.73000000,5.00000000
1631435256.978755,180.76000000,0.33000000
1631435259.8401809,180.76000000,4.56000000
1631435260.02876,180.78000000,6.60000000
1631435260.1405492,180.78000000,6.57000000
1631435260.178786,180.80000000,1.92000000
1631435260.180202,180.80000000,0.56000000
1631435260.180734,180.80000000,11.00000000
1631435260.181228,180.80000000,5.00000000
1631435260.181845,180.81000000,2.00000000
1631435260.1823308,180.82000000,0.15000000
1631435260.1827798,180.84000000,3.52000000
1631435260.183181,180.86000000,0.06000000
1631435260.183627,180.86000000,0.55000000
1631435261.328771,180.86000000,5.00000000
1631435262.528841,180.86000000,0.12000000
1631435265.429787,180.81000000,0.13000000
1631435265.430357,180.81000000,8.39000000
1631435265.454329,180.78000000,8.40000000
1631435265.6788192,180.73000000,1.40000000
1631435265.698572,180.73000000,1.36000000
1631435265.708006,180.71000000,13.27000000
1631435265.708678,180.71000000,3.00000000
1631435265.7092538,180.70000000,1.06000000
1631435265.7096498,180.70000000,5.00000000
1631435265.710021,180.70000000,1.10000000
1631435265.878818,180.68000000,8.00000000
1631435265.8796868,180.68000000,17.00000000
1631435266.2943249,180.70000000,8.40000000
1631435266.2952929,180.70000000,9.37000000
1631435266.2958238,180.68000000,26.23000000
1631435266.4351418,180.78000000,0.66000000
1631435266.778883,180.77000000,5.07000000
1631435266.779959,180.77000000,0.19000000
1631435266.7804658,180.70000000,2.91000000
1631435267.351849,180.78000000,13.16000000
1631435267.3529952,180.78000000,5.00000000
1631435267.353478,180.78000000,8.40000000
1631435267.354443,180.82000000,11.05000000
1631435267.3550122,180.82000000,11.06000000
1631435267.355506,180.83000000,16.93000000
1631435267.356367,180.84000000,15.94000000
1631435267.356819,180.84000000,1.07000000
1631435267.357234,180.85000000,55.34000000
1631435267.357703,180.86000000,0.06000000
1631435267.3581288,180.87000000,0.16000000
1631435267.3586109,180.87000000,2.00000000
1631435267.3590279,180.87000000,8.23000000
1631435267.359461,180.88000000,0.19000000
1631435267.359918,180.89000000,0.11000000
1631435267.360367,180.89000000,1.63000000
1631435267.36083,180.90000000,0.31000000
1631435267.361295,180.90000000,1.51000000
1631435267.3616982,180.90000000,7.55000000
1631435267.3787441,180.90000000,55.32000000
1631435267.37947,180.90000000,4.86000000
1631435267.380106,180.91000000,55.34000000
1631435267.382279,180.91000000,5.77000000
1631435267.382874,180.92000000,5.86000000
1631435267.383339,180.92000000,2.00000000
1631435267.383759,180.93000000,11.54000000
1631435267.384172,180.93000000,1.79000000
1631435267.384578,180.94000000,0.14000000
1631435267.384979,180.94000000,0.15000000
1631435267.536098,180.94000000,11.90000000
1631435267.5369642,180.94000000,50.00000000
1631435267.537488,180.94000000,52.54000000
1631435267.537975,180.95000000,0.15000000
1631435267.538411,180.96000000,8.36000000
1631435267.538856,180.98000000,0.14000000
1631435267.53926,180.98000000,1.16000000
1631435267.5396988,181.00000000,1.27000000
1631435267.54017,181.00000000,7.50000000
1631435267.540999,181.00000000,5.00000000
1631435267.5418198,181.00000000,138.46000000
1631435267.54244,181.00000000,2.76000000
1631435267.542891,181.00000000,3.05000000
1631435267.543339,181.00000000,3.05000000
1631435267.543744,181.00000000,120.42000000
1631435267.544126,181.00000000,120.42000000
1631435267.544533,181.00000000,120.42000000
1631435267.544909,181.00000000,120.42000000
1631435267.545408,181.00000000,120.42000000
1631435267.545839,181.00000000,120.42000000
1631435267.546295,181.00000000,120.42000000
1631435267.546999,181.00000000,14.82000000
1631435267.5474591,181.00000000,120.42000000
1631435267.5478232,181.00000000,120.42000000
1631435267.5482109,181.00000000,120.42000000
1631435267.5485451,181.00000000,16.77000000
1631435267.54893,181.00000000,28.00000000
1631435267.5493279,181.00000000,20.58000000
1631435267.549715,181.00000000,2.28000000
1631435267.550106,181.00000000,243.00000000
1631435267.5505059,181.00000000,40.02000000
1631435267.550933,181.00000000,67.20000000
1631435267.551326,181.00000000,26.15000000
1631435267.551693,181.00000000,18.25000000
1631435267.552054,181.00000000,33.60000000
1631435267.5524979,181.00000000,5.10000000
1631435267.552902,181.00000000,5.10000000
1631435267.553291,181.00000000,55.32000000
1631435267.553683,181.00000000,154.70000000
1631435267.554077,181.00000000,14.78000000
1631435267.5544431,181.00000000,98.75000000
1631435267.554854,181.00000000,81.72000000
1631435267.555242,181.00000000,44.28000000
1631435267.555669,180.76000000,0.29000000
1631435267.556066,180.83000000,13.83000000
1631435267.978801,180.81000000,0.57000000
1631435268.479029,180.77000000,4.00000000
1631435268.6789398,180.77000000,8.23000000
1631435269.481827,180.77000000,1.36000000
1631435269.528942,180.77000000,12.12000000
1631435269.578872,180.77000000,2.57000000
1631435269.678949,180.77000000,10.47000000
1631435270.1485,180.71000000,0.28000000
1631435272.256394,180.83000000,0.12000000
1631435274.5290859,180.79000000,5.00000000
1631435274.537451,180.83000000,9.60000000
1631435274.598795,180.80000000,7.75000000
1631435275.679075,180.80000000,0.78000000
1631435275.728898,180.83000000,13.83000000
1631435275.729923,180.84000000,5.00000000
1631435275.7306979,180.85000000,68.68000000
1631435276.4042711,180.85000000,0.83000000
1631435276.529205,180.83000000,2.24000000
1631435276.937224,180.80000000,14.22000000
1631435279.737354,180.76000000,2.48000000
1631435279.94339,180.76000000,5.90000000
1631435279.953731,180.76000000,2.48000000
1631435279.9546618,180.80000000,13.83000000
1631435279.95538,180.80000000,3.86000000
1631435279.9558988,180.81000000,3.70000000
1631435280.743232,180.77000000,2.00000000
1631435282.580587,180.73000000,25.71000000
1631435282.5815349,180.73000000,1.27000000
1631435282.582211,180.71000000,0.80000000
1631435282.582767,180.69000000,12.22000000
1631435282.5833411,180.69000000,12.00000000
1631435284.136985,180.71000000,7.68000000
1631435284.1392798,180.71000000,4.32000000
1631435284.155169,180.68000000,2.18000000
1631435284.162152,180.68000000,15.00000000
1631435284.179251,180.68000000,0.50000000
1631435284.1803598,180.68000000,14.00000000
1631435284.557816,180.68000000,13.67000000
1631435284.6450171,180.68000000,12.00000000
1631435284.660257,180.68000000,8.73000000
1631435284.779114,180.68000000,13.02000000
1631435284.788932,180.68000000,2.20000000
1631435284.7902331,180.68000000,11.64000000
1631435284.958623,180.69000000,1.59000000
1631435284.960147,180.70000000,8.40000000
1631435284.9605381,180.71000000,2.00000000
1631435284.9609869,180.72000000,8.40000000
1631435284.9614,180.73000000,5.00000000
1631435284.9617531,180.73000000,11.06000000
1631435284.962105,180.73000000,17.47000000
1631435284.979072,180.75000000,17.95000000
1631435284.9805849,180.68000000,1.09000000
1631435284.982806,180.68000000,1.17000000
1631435284.995919,180.68000000,6.60000000
1631435285.029092,180.68000000,1.87000000
1631435285.081866,180.68000000,1.50000000
1631435285.189193,180.68000000,11.91000000
1631435285.2372139,180.68000000,12.81000000
1631435285.280876,180.68000000,7.38000000
1631435285.336771,180.68000000,12.48000000
1631435285.389931,180.68000000,11.60000000
1631435285.43873,180.68000000,12.51000000
1631435285.4896069,180.68000000,12.19000000
1631435285.586451,180.68000000,13.42000000
1631435285.6345851,180.68000000,12.31000000
1631435285.679807,180.68000000,12.88000000
1631435285.697176,180.68000000,23.87000000
1631435285.71059,180.68000000,1.78000000
1631435285.729155,180.68000000,3.00000000
1631435285.7299929,180.68000000,25.93000000
1631435285.736491,180.68000000,13.11000000
1631435285.753525,180.68000000,13.02000000
1631435285.8292658,180.68000000,13.38000000
1631435285.830859,180.68000000,7.00000000
1631435285.848757,180.69000000,0.50000000
1631435285.899918,180.68000000,3.58000000
1631435285.929266,180.68000000,55.37000000
1631435285.9301162,180.69000000,1.10000000
1631435285.952982,180.68000000,3.94000000
1631435285.957727,180.68000000,3.88000000
1631435285.985148,180.68000000,12.35000000
1631435286.042946,180.68000000,12.64000000
1631435286.092476,180.68000000,6.60000000
1631435286.129161,180.68000000,12.15000000
1631435286.182144,180.68000000,11.85000000
1631435286.229114,180.68000000,6.83000000
1631435286.229967,180.68000000,13.14000000
1631435286.248886,180.68000000,2.11000000
1631435286.302164,180.68000000,13.05000000
1631435286.383277,180.68000000,13.09000000
1631435286.432832,180.68000000,13.81000000
1631435286.488595,180.68000000,10.19000000
1631435286.532456,180.68000000,12.88000000
1631435286.583911,180.68000000,0.56000000
1631435286.6292439,180.68000000,11.97000000
1631435286.680035,180.68000000,11.87000000
1631435286.729229,180.68000000,1.11000000
1631435286.730154,180.68000000,12.13000000
1631435286.780407,180.68000000,11.56000000
1631435286.831666,180.68000000,12.37000000
1631435286.880076,180.69000000,6.80000000
1631435286.8805299,180.69000000,3.20000000
1631435286.881213,180.68000000,5.61000000
1631435286.892,180.68000000,7.86000000
1631435286.929155,180.68000000,12.34000000
1631435286.958557,180.68000000,7.91000000
1631435286.979989,180.68000000,12.46000000
1631435286.985125,180.68000000,6.60000000
1631435287.029202,180.68000000,11.54000000
1631435287.07927,180.68000000,12.49000000
1631435287.129153,180.68000000,8.58000000
1631435287.179148,180.68000000,12.38000000
1631435287.189881,180.68000000,4.92000000
1631435287.208813,180.68000000,8.33000000
1631435287.229194,180.68000000,1.54000000
1631435287.230422,180.68000000,11.62000000
1631435287.261836,180.68000000,9.25000000
1631435287.27919,180.68000000,8.22000000
1631435287.280124,180.68000000,8.58000000
1631435287.297668,180.68000000,0.76000000
1631435287.333205,180.68000000,13.07000000
1631435287.346565,180.68000000,6.34000000
1631435287.352045,180.68000000,4.63000000
1631435287.355907,180.68000000,1.00000000
1631435287.379848,180.68000000,0.85000000
1631435287.391802,180.68000000,67.67000000
1631435287.4293172,180.68000000,12.90000000
1631435287.4896781,180.68000000,8.30000000
1631435287.529255,180.68000000,58.00000000
1631435287.530327,180.68000000,12.51000000
1631435287.553449,180.68000000,7.00000000
1631435287.580083,180.68000000,12.13000000
1631435287.62911,180.68000000,17.19000000
1631435287.630144,180.68000000,2.03000000
1631435287.630812,180.68000000,11.53000000
1631435287.631228,180.68000000,2.41000000
1631435287.657084,180.68000000,18.00000000
1631435287.658474,180.68000000,44.55000000
1631435287.6791239,180.68000000,14.00000000
1631435287.680317,180.68000000,5.27000000
1631435287.680748,180.68000000,2.10000000
1631435287.6812742,180.68000000,9.38000000
1631435287.681647,180.68000000,12.00000000
1631435287.682011,180.68000000,4.67000000
1631435287.693099,180.68000000,7.41000000
1631435287.702815,180.68000000,15.00000000
1631435287.7052941,180.68000000,21.62000000
1631435287.72927,180.68000000,1.00000000
1631435287.7302809,180.68000000,12.00000000
1631435287.7309089,180.68000000,2.00000000
1631435287.740664,180.68000000,14.00000000
1631435287.750562,180.68000000,8.00000000
1631435287.7799199,180.68000000,6.48000000
1631435287.780405,180.68000000,2.39000000
1631435287.786178,180.68000000,8.76000000
1631435287.79136,180.68000000,11.48000000
1631435287.806745,180.68000000,3.49000000
1631435287.829311,180.68000000,1.34000000
1631435287.8461509,180.68000000,55.37000000
1631435287.849008,180.68000000,11.98000000
1631435287.857558,180.68000000,55.37000000
1631435287.8792121,180.68000000,27.20000000
1631435287.90044,180.68000000,0.62000000
1631435287.902279,180.68000000,15.87000000
1631435287.904796,180.68000000,1.55000000
1631435287.9292521,180.68000000,2.04000000
1631435287.9349902,180.68000000,12.93000000
1631435287.936844,180.68000000,12.98000000
1631435287.954565,180.68000000,2.28000000
1631435287.980648,180.68000000,13.15000000
1631435287.9833448,180.68000000,4.11000000
1631435287.989918,180.68000000,0.34000000
1631435288.00467,180.68000000,6.00000000
1631435288.029109,180.68000000,1.85000000
1631435288.0297909,180.68000000,69.21000000
1631435288.040117,180.68000000,11.79000000
1631435288.058073,180.68000000,2.62000000
1631435288.079963,180.68000000,12.79000000
1631435288.104762,180.68000000,5.91000000
1631435288.109385,180.68000000,6.10000000
1631435288.129199,180.68000000,5.53000000
1631435288.1302788,180.68000000,40.00000000
1631435288.140088,180.68000000,55.39000000
1631435288.1427462,180.68000000,11.20000000
1631435288.1798851,180.68000000,10.00000000
1631435288.229085,180.68000000,10.00000000
1631435288.229887,180.68000000,5.58000000
1631435288.251008,180.68000000,19.09000000
1631435288.259834,180.68000000,4.43000000
1631435288.280103,180.68000000,4.61000000
1631435288.280608,180.68000000,1.50000000
1631435288.312256,180.68000000,10.69000000
1631435288.329236,180.68000000,13.81000000
1631435288.3791318,180.68000000,16.60000000
1631435288.429187,180.68000000,11.84000000
1631435288.4801338,180.68000000,11.25000000
1631435288.529183,180.68000000,9.56000000
1631435288.579169,180.68000000,6.01000000
1631435288.606427,180.68000000,1.78000000
1631435288.629148,180.69000000,0.30000000
1631435288.879217,180.68000000,7.00000000
1631435288.886375,180.68000000,1.62000000
1631435288.929445,180.68000000,3.76000000
1631435288.940642,180.68000000,8.00000000
1631435288.98053,180.68000000,1.24000000
1631435289.0379179,180.68000000,13.35000000
1631435289.048106,180.68000000,2.85000000
1631435289.0794098,180.68000000,41.00000000
1631435289.181416,180.68000000,16.00000000
1631435289.182892,180.68000000,22.00000000
1631435289.183584,180.68000000,11.00000000
1631435289.184603,180.68000000,11.00000000
1631435289.185247,180.68000000,35.00000000
1631435289.185896,180.68000000,83.00000000
1631435289.186383,180.68000000,39.00000000
1631435289.2102242,180.68000000,7.00000000
1631435289.234308,180.68000000,2.80000000
1631435289.2497332,180.68000000,10.00000000
1631435289.253591,180.68000000,16.00000000
1631435289.301883,180.68000000,55.38000000
1631435289.3819468,180.68000000,3.00000000
1631435289.383756,180.68000000,0.50000000
1631435289.390398,180.68000000,1.50000000
1631435289.429287,180.68000000,10.61000000
1631435289.4519439,180.68000000,54.50000000
1631435289.479218,180.68000000,4.28000000
1631435289.480608,180.68000000,11.10000000
1631435289.5292969,180.68000000,25.25000000
1631435289.532293,180.68000000,5.06000000
1631435289.541474,180.68000000,22.00000000
1631435289.6799638,180.68000000,6.60000000
1631435289.7414432,180.68000000,6.60000000
1631435289.75542,180.68000000,13.45000000
1631435289.784748,180.68000000,12.52000000
1631435289.861057,180.68000000,3.00000000
1631435289.8948538,180.68000000,16.62000000
1631435289.93389,180.68000000,8.13000000
1631435290.431539,180.68000000,8.25000000
1631435290.681507,180.68000000,5.77000000
1631435290.97929,180.68000000,11.55000000
1631435291.229855,180.68000000,10.36000000
1631435291.281646,180.68000000,4.00000000
1631435291.329192,180.68000000,12.95000000
1631435291.383322,180.68000000,1.80000000
1631435291.479226,180.68000000,3.99000000
1631435291.630398,180.68000000,3.71000000
1631435291.7837498,180.68000000,5.18000000
1631435291.9303539,180.68000000,12.10000000
1631435291.930933,180.68000000,0.18000000
1631435291.931387,180.68000000,0.63000000
1631435291.9318101,180.68000000,15.59000000
1631435291.932236,180.68000000,1.40000000
1631435292.0839648,180.68000000,6.16000000
1631435293.280473,180.68000000,9.61000000
1631435293.3332381,180.68000000,3.00000000
1631435293.4402912,180.68000000,3.00000000
1631435294.080519,180.68000000,1.10000000
1631435294.2363,180.68000000,2.41000000
1631435294.3458052,180.69000000,0.06000000
1631435294.68062,180.69000000,3.19000000
1631435295.03019,180.68000000,3.00000000
1631435295.234815,180.68000000,13.74000000
1631435295.279326,180.68000000,2.86000000
1631435295.496358,180.68000000,18.00000000
1631435295.530174,180.68000000,2.93000000
1631435295.530661,180.68000000,5.31000000
1631435295.830281,180.68000000,1.77000000
1631435296.129386,180.68000000,6.29000000
1631435296.179244,180.68000000,5.00000000
1631435296.336999,180.69000000,1.75000000
1631435296.337739,180.69000000,0.15000000
1631435296.4792871,180.68000000,5.00000000
1631435296.481201,180.69000000,0.06000000
1631435296.530833,180.69000000,0.50000000
1631435297.2793899,180.68000000,13.16000000
1631435297.329512,180.68000000,12.85000000
1631435297.3801541,180.68000000,4.85000000
1631435297.732994,180.68000000,8.00000000
1631435297.898394,180.68000000,7.00000000
1631435297.929423,180.68000000,0.18000000
1631435297.979413,180.68000000,4.00000000
1631435298.00781,180.68000000,11.13000000
1631435298.029351,180.68000000,12.16000000
1631435298.039274,180.68000000,1.00000000
1631435298.229837,180.68000000,0.25000000
1631435298.4922419,180.69000000,1.00000000
1631435298.579317,180.68000000,2.55000000
1631435298.8312168,180.68000000,1.28000000
1631435302.494057,180.69000000,4.00000000
1631435302.495309,180.69000000,8.00000000
1631435302.49571,180.70000000,0.18000000
1631435302.496075,180.70000000,1.97000000
1631435302.496425,180.73000000,8.40000000
1631435303.429545,180.69000000,0.06000000
1631435303.5294662,180.72000000,1.00000000
1631435304.7263901,180.71000000,1.55000000
1631435306.376195,180.79000000,12.03000000
1631435306.3769112,180.80000000,0.24000000
1631435306.377455,180.80000000,8.40000000
1631435306.3779159,180.80000000,8.17000000
1631435306.378479,180.83000000,15.86000000
1631435306.5413089,180.72000000,0.40000000
1631435307.731668,180.81000000,0.40000000
1631435307.876252,180.78000000,5.64000000
1631435307.8817081,180.78000000,5.50000000
1631435307.891341,180.78000000,2.64000000
1631435307.8920698,180.78000000,0.50000000
1631435308.296009,180.77000000,1.68000000
1631435308.329062,180.77000000,1.31000000
1631435308.436756,180.77000000,1.00000000
1631435309.0762072,180.77000000,1.27000000
1631435310.756495,180.76000000,1.30000000
1631435310.926191,180.69000000,0.10000000
1631435311.048824,180.69000000,0.10000000
1631435311.049797,180.68000000,0.97000000
1631435311.476157,180.68000000,7.00000000
1631435312.076278,180.72000000,6.12000000
1631435313.0061,180.69000000,4.25000000
1631435313.076297,180.69000000,1.91000000
1631435313.226366,180.69000000,2.26000000
1631435313.36206,180.69000000,0.38000000
1631435313.976341,180.71000000,2.07000000
1631435314.3958578,180.76000000,20.16000000
1631435314.396631,180.80000000,1.13000000
1631435314.726304,180.77000000,0.98000000
1631435315.254665,180.72000000,5.92000000
1631435315.4263098,180.72000000,0.77000000
1631435317.6518981,180.77000000,0.24000000
1631435319.226291,180.68000000,30.00000000
1631435319.24372,180.68000000,14.83000000
1631435320.386963,180.68000000,11.87000000
1631435320.442639,180.68000000,23.00000000
1631435320.45101,180.68000000,14.00000000
1631435320.681188,180.68000000,12.27000000
1631435320.742334,180.68000000,7.00000000
1631435320.832791,180.68000000,3.00000000
1631435320.844069,180.68000000,2.00000000
1631435320.986229,180.68000000,19.00000000
1631435321.082774,180.68000000,1.73000000
1631435321.1312141,180.68000000,3.00000000
1631435321.176287,180.68000000,26.89000000
1631435321.731086,180.68000000,3.97000000
1631435322.426398,180.71000000,1.00000000
1631435324.047599,180.71000000,0.10000000
1631435324.0484428,180.71000000,0.20000000
1631435324.048894,180.75000000,1.93000000
1631435324.731637,180.72000000,20.44000000
1631435324.732299,180.71000000,8.40000000
1631435324.776483,180.70000000,9.06000000
1631435324.777605,180.70000000,1.69000000
1631435325.292626,180.68000000,4.00000000
1631435325.358369,180.68000000,26.00000000
1631435325.376516,180.68000000,34.00000000
1631435325.378963,180.68000000,10.50000000
1631435325.387346,180.68000000,13.16000000
1631435325.43271,180.68000000,5.18000000
1631435325.746766,180.68000000,2.82000000
1631435327.326327,180.68000000,5.99000000
1631435327.426485,180.68000000,4.50000000
1631435327.427325,180.68000000,6.00000000
1631435327.4315178,180.68000000,1.50000000
1631435328.2461061,180.68000000,14.02000000
1631435328.776556,180.70000000,0.08000000
1631435328.832671,180.68000000,7.87000000
1631435329.1266072,180.68000000,6.40000000
1631435329.176388,180.68000000,2.00000000
1631435329.196598,180.68000000,8.29000000
1631435329.203926,180.68000000,17.81000000
1631435329.3426769,180.68000000,8.30000000
1631435329.4264052,180.68000000,2.02000000
1631435329.426985,180.68000000,1.98000000
1631435330.635791,180.68000000,3.24000000
1631435330.835843,180.68000000,0.25000000
1631435330.83712,180.68000000,0.10000000
1631435331.0434308,180.69000000,0.58000000
1631435333.579242,180.63000000,0.06000000
1631435333.580149,180.63000000,0.19000000
1631435333.5806,180.61000000,0.06000000
1631435333.581045,180.60000000,0.59000000
1631435334.482635,180.60000000,0.71000000
1631435334.7749178,180.60000000,1.51000000
1631435335.762112,180.59000000,5.92000000
1631435336.680309,180.63000000,0.21000000
1631435339.1469,180.64000000,5.00000000
1631435340.373309,180.67000000,0.26000000
1631435340.374033,180.68000000,2.47000000
1631435345.883585,180.62000000,1.00000000
1631435346.423535,180.64000000,2.83000000
1631435346.4243898,180.67000000,9.78000000
1631435346.477172,180.69000000,12.83000000
1631435346.496681,180.69000000,5.00000000
1631435346.498732,180.69000000,6.00000000
1631435346.499707,180.69000000,3.00000000
1631435346.500376,180.69000000,10.00000000
1631435346.500889,180.69000000,13.00000000
1631435346.530427,180.69000000,13.38000000
1631435346.557119,180.69000000,1.03000000
1631435346.5867379,180.69000000,2.27000000
1631435346.5871959,180.61000000,1.03000000
1631435347.0568,180.69000000,1.03000000
1631435347.057608,180.69000000,0.81000000
1631435347.5340958,180.65000000,1.94000000
1631435347.7039518,180.71000000,1.26000000
1631435348.695901,180.72000000,0.08000000
1631435350.994666,180.72000000,0.09000000
1631435351.423556,180.71000000,1.19000000
1631435352.079871,180.66000000,0.75000000
1631435353.17346,180.72000000,0.08000000
1631435353.256133,180.72000000,0.10000000
1631435354.4235342,180.71000000,1.10000000
1631435355.347489,180.66000000,2.00000000
1631435355.5234702,180.72000000,0.11000000
1631435357.7910452,180.70000000,0.12000000
1631435358.303357,180.68000000,0.18000000
1631435358.785229,180.63000000,4.43000000
1631435358.7860212,180.62000000,1.57000000
1631435358.80111,180.62000000,0.91000000
1631435358.801789,180.54000000,3.52000000
1631435358.8235478,180.54000000,18.00000000
1631435360.437346,180.55000000,8.40000000
1631435360.438072,180.55000000,3.60000000
1631435360.6373749,180.57000000,2.00000000
1631435360.9561028,180.61000000,0.55000000
1631435362.7974,180.59000000,8.61000000
1631435362.798242,180.59000000,5.23000000
1631435362.799427,180.59000000,8.40000000
1631435362.800138,180.60000000,8.40000000
1631435362.8006039,180.63000000,5.00000000
1631435362.823482,180.65000000,0.06000000
1631435362.824183,180.65000000,0.55000000
1631435363.024446,180.63000000,8.40000000
1631435363.0253,180.61000000,8.40000000
1631435363.025763,180.61000000,13.71000000
1631435363.0262,180.58000000,34.60000000
1631435363.026647,180.58000000,8.92000000
1631435363.0270422,180.53000000,12.00000000
1631435363.0311658,180.53000000,2.63000000
1631435369.9908962,180.61000000,1.00000000
1631435370.2392619,180.57000000,0.79000000
1631435373.3312519,180.66000000,5.00000000
1631435373.332088,180.66000000,10.96000000
1631435375.180235,180.70000000,2.00000000
1631435375.181042,180.70000000,1.88000000
1631435375.181628,180.70000000,0.29000000
1631435375.182137,180.70000000,9.63000000
1631435375.18254,180.70000000,0.70000000
1631435375.194937,180.70000000,1.58000000
1631435375.205111,180.70000000,2.00000000
1631435375.229801,180.71000000,1.06000000
1631435375.413362,180.72000000,0.09000000
1631435375.4206212,180.72000000,7.91000000
1631435375.447159,180.72000000,1.26000000
1631435375.447702,180.72000000,2.92000000
1631435375.4506938,180.72000000,2.92000000
1631435375.470391,180.72000000,4.99000000
1631435375.47085,180.75000000,8.72000000
1631435375.4734871,180.75000000,2.00000000
1631435375.479554,180.75000000,18.00000000
1631435375.480234,180.75000000,0.81000000
1631435375.481156,180.75000000,0.50000000
1631435375.502153,180.75000000,8.72000000
1631435375.5204558,180.77000000,0.80000000
1631435375.5211608,180.81000000,2.14000000
1631435375.521611,180.81000000,7.56000000
1631435378.205933,180.79000000,6.00000000
1631435378.5881321,180.85000000,6.50000000
1631435378.589841,180.86000000,32.58000000
1631435378.592009,180.86000000,0.06000000
1631435378.5953522,180.88000000,3.00000000
1631435378.6062331,180.89000000,8.17000000
1631435378.607224,180.89000000,28.30000000
1631435378.607775,180.89000000,0.01000000
1631435378.632659,180.90000000,0.32000000
1631435378.6602318,180.92000000,138.43000000
1631435378.66227,180.90000000,8.24000000
1631435378.720622,180.93000000,2.14000000
1631435378.821373,180.89000000,1.22000000
1631435378.931641,180.94000000,34.60000000
1631435378.9628081,180.93000000,11.39000000
1631435378.970473,180.93000000,0.50000000
1631435378.9712708,180.93000000,0.50000000
1631435378.979361,180.93000000,1.00000000
1631435381.59253,180.86000000,0.47000000
1631435384.022665,180.96000000,3.08000000
1631435384.0449102,180.96000000,2.40000000
1631435384.046121,180.96000000,10.91000000
1631435384.0602822,180.96000000,2.14000000
1631435384.132477,180.96000000,1.19000000
1631435384.133256,180.96000000,2.47000000
1631435385.20068,180.98000000,1.25000000
1631435385.341024,181.00000000,0.99000000
1631435388.070793,180.90000000,13.81000000
1631435388.0719821,180.90000000,8.40000000
1631435388.0726058,180.89000000,7.49000000
1631435388.073204,180.88000000,8.40000000
1631435388.073846,180.86000000,1.11000000
1631435388.4779031,180.94000000,3.31000000
1631435388.796628,180.92000000,9.82000000
1631435388.805907,180.92000000,3.99000000
1631435388.824075,180.85000000,6.00000000
1631435389.624077,180.93000000,0.65000000
1631435390.073944,180.88000000,1.70000000
1631435390.075011,180.86000000,25.58000000
1631435390.075594,180.85000000,4.00000000
1631435390.0762198,180.84000000,7.92000000
1631435390.3250391,180.85000000,0.09000000
1631435391.073977,180.87000000,8.40000000
1631435391.07503,180.86000000,5.00000000
1631435391.0754719,180.85000000,8.31000000
1631435391.0759108,180.85000000,17.49000000
1631435392.7545862,180.86000000,0.11000000
1631435394.898176,180.89000000,2.48000000
1631435395.4241111,180.90000000,1.44000000
1631435395.59555,180.94000000,5.00000000
1631435396.406452,180.96000000,0.11000000
1631435396.963682,180.91000000,13.81000000
1631435396.974136,180.85000000,5.23000000
1631435396.974894,180.85000000,11.30000000
1631435396.975383,180.85000000,2.00000000
1631435396.975829,180.85000000,56.62000000
1631435398.926096,180.91000000,0.21000000
1631435401.59089,180.97000000,8.16000000
1631435401.591509,180.97000000,13.82000000
1631435401.640882,181.00000000,0.11000000
1631435401.641514,181.00000000,2.81000000
1631435401.642097,181.00000000,1.07000000
1631435401.645797,181.00000000,3.36000000
1631435401.6742048,181.01000000,0.22000000
1631435401.675214,181.01000000,0.11000000
1631435401.692275,181.02000000,0.06000000
1631435401.711339,181.03000000,0.18000000
1631435401.712495,181.03000000,0.11000000
1631435401.713079,181.03000000,0.16000000
1631435401.713664,181.03000000,0.11000000
1631435401.724152,181.03000000,2.00000000
1631435401.785386,181.05000000,0.19000000
1631435401.7863219,181.05000000,8.19000000
1631435401.786965,181.05000000,3.62000000
1631435401.884453,181.00000000,1.11000000
1631435401.953163,181.06000000,1.63000000
1631435401.9601002,181.06000000,0.31000000
1631435401.960523,181.06000000,0.11000000
1631435401.960999,181.06000000,1.56000000
1631435401.974185,181.06000000,5.19000000
1631435402.012629,181.07000000,0.15000000
1631435402.0241432,181.07000000,0.16000000
1631435402.030216,181.08000000,0.55000000
1631435402.031241,181.08000000,3.39000000
1631435402.199542,181.04000000,1.24000000
1631435402.38873,181.05000000,0.98000000
1631435402.835795,181.06000000,1.29000000
1631435402.8741708,181.10000000,0.06000000
1631435403.213053,181.12000000,0.06000000
1631435403.34498,181.14000000,0.39000000
1631435403.3742342,181.15000000,0.14000000
1631435403.3750882,181.15000000,0.41000000
1631435403.375659,181.15000000,0.35000000
1631435403.458611,181.16000000,1.16000000
1631435403.4596212,181.16000000,0.11000000
1631435403.464035,181.17000000,0.11000000
1631435403.474293,181.17000000,0.11000000
1631435403.5298932,181.17000000,8.37000000
1631435403.5746481,181.18000000,0.11000000
1631435403.580991,181.19000000,0.15000000
1631435403.5820532,181.19000000,0.16000000
1631435403.582647,181.19000000,0.32000000
1631435403.625005,181.20000000,1.25000000
1631435404.199368,181.18000000,0.99000000
1631435404.2497122,181.18000000,7.41000000
1631435404.250313,181.18000000,0.99000000
1631435404.3244119,181.19000000,2.89000000
1631435404.425638,181.17000000,2.89000000
1631435404.474315,181.20000000,0.07000000
1631435404.752935,181.18000000,0.75000000
1631435404.802741,181.18000000,6.74000000
1631435404.803392,181.13000000,4.85000000
1631435404.8889432,181.20000000,134.40000000
1631435404.933007,181.20000000,13.06000000
1631435404.9443462,181.20000000,8.61000000
1631435404.974297,181.17000000,0.69000000
1631435404.975272,181.20000000,0.15000000
1631435405.040215,181.20000000,13.87000000
1631435405.155007,181.20000000,7.25000000
1631435405.1742651,181.20000000,0.76000000
1631435405.178891,181.20000000,10.70000000
1631435405.212615,181.20000000,42.75000000
1631435405.274348,181.20000000,1.50000000
1631435405.2754931,181.20000000,3.00000000
1631435405.276856,181.20000000,1.00000000
1631435405.2777789,181.20000000,3.00000000
1631435405.279403,181.20000000,6.50000000
1631435405.280243,181.20000000,12.14000000
1631435405.2810152,181.20000000,0.50000000
1631435405.28186,181.20000000,3.00000000
1631435405.282994,181.20000000,0.50000000
1631435405.285141,181.20000000,1.50000000
1631435405.404274,181.20000000,7.86000000
1631435405.404842,181.20000000,5.36000000
1631435405.47422,181.21000000,0.15000000
1631435405.55566,181.20000000,1.27000000
1631435405.9242392,181.22000000,0.06000000
1631435405.974176,181.22000000,0.25000000
1631435405.975343,181.22000000,0.11000000
1631435405.9759018,181.23000000,0.12000000
1631435405.9764202,181.23000000,0.18000000
1631435405.976931,181.23000000,0.14000000
1631435405.9774551,181.23000000,0.11000000
1631435405.977896,181.24000000,1.63000000
1631435405.9783099,181.25000000,0.18000000
1631435405.978692,181.25000000,0.08000000
1631435405.979087,181.25000000,0.11000000
1631435405.979472,181.25000000,0.11000000
1631435405.9798641,181.26000000,0.16000000
1631435405.980271,181.26000000,2.40000000
1631435406.706243,181.26000000,8.40000000
1631435406.7069702,181.25000000,0.01000000
1631435406.7258098,181.26000000,1.57000000
1631435406.744504,181.26000000,2.29000000
1631435406.8578079,181.26000000,0.95000000
1631435406.859432,181.26000000,3.59000000
1631435406.86022,181.25000000,4.30000000
1631435406.907906,181.24000000,1.27000000
1631435407.777249,181.20000000,2.50000000
1631435407.780077,181.20000000,2.50000000
1631435407.78143,181.20000000,0.57000000
1631435407.782343,181.20000000,2.93000000
1631435407.783081,181.20000000,1.00000000
1631435407.783865,181.20000000,1.00000000
1631435407.950464,181.20000000,5.57000000
1631435408.143735,181.14000000,0.36000000
1631435408.286598,181.14000000,6.50000000
1631435410.1301818,181.17000000,0.52000000
1631435410.2110689,181.20000000,0.77000000
1631435410.6514509,181.23000000,2.85000000
1631435411.574522,181.15000000,7.00000000
1631435411.575451,181.15000000,0.49000000
1631435411.983223,181.17000000,0.08000000
1631435412.547829,181.15000000,1.41000000
1631435412.548896,181.09000000,4.59000000
1631435412.9278789,181.17000000,0.06000000
1631435412.9285,181.18000000,6.03000000
1631435414.824484,181.20000000,1.02000000
1631435414.834238,181.20000000,3.00000000
1631435414.837966,181.20000000,0.50000000
1631435414.844469,181.20000000,1.05000000
1631435414.853867,181.20000000,1.05000000
1631435414.943569,181.20000000,0.40000000
1631435414.974335,181.20000000,1.55000000
1631435417.027731,181.28000000,0.22000000
1631435417.1776938,181.30000000,0.11000000
1631435417.1787221,181.30000000,0.54000000
1631435417.17915,181.30000000,0.12000000
1631435417.179543,181.30000000,0.55000000
1631435417.17997,181.31000000,0.14000000
1631435417.4086359,181.32000000,0.15000000
1631435417.409554,181.32000000,0.11000000
1631435417.410104,181.32000000,0.11000000
1631435417.410609,181.32000000,0.69000000
1631435417.427704,181.33000000,0.26000000
1631435417.428488,181.33000000,0.33000000
1631435417.735438,181.31000000,3.11000000
1631435417.736855,181.31000000,0.80000000
1631435418.096949,181.34000000,1.16000000
1631435418.3566542,181.35000000,0.14000000
1631435418.3574789,181.35000000,0.16000000
1631435418.357985,181.35000000,0.06000000
1631435418.541099,181.36000000,0.26000000
1631435418.541857,181.36000000,0.06000000
1631435418.542284,181.36000000,0.26000000
1631435418.556759,181.37000000,0.06000000
1631435418.557446,181.37000000,0.31000000
1631435418.557858,181.37000000,0.22000000
1631435418.5582662,181.37000000,1.00000000
1631435419.298236,181.33000000,6.74000000
1631435419.47772,181.38000000,0.11000000
1631435419.478631,181.38000000,0.11000000
1631435419.527863,181.39000000,0.11000000
1631435419.541266,181.40000000,0.11000000
1631435419.542006,181.40000000,0.16000000
1631435419.7278259,181.41000000,0.07000000
1631435419.728619,181.41000000,0.18000000
1631435419.729273,181.41000000,1.62000000
1631435419.729774,181.41000000,0.11000000
1631435419.73038,181.41000000,0.25000000
1631435419.7776809,181.42000000,0.11000000
1631435420.077848,181.41000000,0.11000000
1631435420.4409118,181.40000000,0.63000000
1631435420.441671,181.39000000,1.64000000
1631435421.0277271,181.43000000,0.17000000
1631435421.0286698,181.43000000,0.16000000
1631435421.029113,181.43000000,0.11000000
1631435421.046441,181.44000000,0.11000000
1631435421.0473459,181.44000000,0.15000000
1631435421.177811,181.44000000,8.40000000
1631435421.1931782,181.45000000,0.41000000
1631435421.194031,181.45000000,0.44000000
1631435421.410867,181.44000000,8.40000000
1631435421.613128,181.46000000,0.94000000
1631435421.614223,181.46000000,0.18000000
1631435421.729302,181.47000000,0.14000000
1631435421.730365,181.47000000,0.33000000
1631435421.827883,181.48000000,0.07000000
1631435421.8291998,181.48000000,0.14000000
1631435421.8299048,181.48000000,0.15000000
1631435421.830445,181.48000000,0.34000000
1631435421.8310258,181.48000000,0.11000000
1631435421.831653,181.48000000,0.34000000
1631435421.832167,181.48000000,0.12000000
1631435422.127754,181.49000000,0.36000000
1631435422.1283588,181.49000000,15.64000000
1631435422.1822212,181.49000000,6.60000000
1631435422.3419142,181.49000000,6.50000000
1631435422.343882,181.49000000,3.78000000
1631435422.344341,181.49000000,41.00000000
1631435422.3446898,181.49000000,1.00000000
1631435422.345002,181.49000000,1.00000000
1631435422.345349,181.49000000,0.50000000
1631435422.345697,181.49000000,1.00000000
1631435422.346076,181.49000000,12.00000000
1631435422.347619,181.49000000,3.00000000
1631435422.37786,181.49000000,116.50000000
1631435422.38056,181.49000000,33.60000000
1631435422.39249,181.49000000,50.00000000
1631435422.5378969,181.49000000,33.60000000
1631435422.578638,181.49000000,1.46000000
1631435422.993978,181.49000000,5.07000000
1631435423.149984,181.49000000,2.14000000
1631435423.250926,181.49000000,2.98000000
1631435423.5615108,181.49000000,10.16000000
1631435423.6280792,181.49000000,0.27000000
1631435423.927789,181.49000000,1.17000000
1631435424.082187,181.49000000,16.27000000
1631435424.08619,181.49000000,13.08000000
1631435424.132648,181.49000000,12.37000000
1631435424.1590872,181.48000000,8.29000000
1631435424.160151,181.48000000,12.00000000
1631435424.1607392,181.48000000,0.22000000
1631435424.161325,181.45000000,0.11000000
1631435424.161889,181.45000000,0.27000000
1631435424.627879,181.45000000,12.00000000
1631435424.629235,181.45000000,5.50000000
1631435424.803509,181.44000000,5.00000000
1631435424.804438,181.44000000,12.00000000
1631435424.928734,181.44000000,6.42000000
1631435424.929985,181.43000000,0.06000000
1631435424.930657,181.41000000,2.00000000
1631435424.931305,181.41000000,2.14000000
1631435424.931941,181.40000000,8.26000000
1631435425.579009,181.45000000,0.06000000
1631435426.0321002,181.48000000,8.40000000
1631435426.03305,181.49000000,10.49000000
1631435426.26289,181.49000000,83.58000000
1631435426.402263,181.48000000,1.12000000
1631435426.402983,181.48000000,2.24000000
1631435426.447389,181.46000000,1.12000000
1631435426.448163,181.46000000,1.88000000
1631435426.4530401,181.46000000,0.36000000
1631435426.453805,181.46000000,1.12000000
1631435426.4542332,181.46000000,2.24000000
1631435426.6417458,181.41000000,0.23000000
1631435426.9278789,181.40000000,2.03000000
1631435427.227951,181.35000000,6.43000000
1631435427.449773,181.33000000,1.11000000
1631435427.4504588,181.34000000,0.12000000
1631435427.5779111,181.32000000,0.64000000
1631435427.697428,181.33000000,2.24000000
1631435427.698329,181.33000000,1.12000000
1631435427.698812,181.33000000,1.12000000
1631435427.699218,181.33000000,2.24000000
1631435427.6995788,181.33000000,1.12000000
1631435427.700005,181.33000000,2.24000000
1631435428.008013,181.41000000,0.12000000
1631435428.145702,181.40000000,0.12000000
1631435428.62798,181.40000000,0.10000000
1631435429.7843158,181.44000000,1.93000000
1631435429.8361611,181.46000000,1.10000000
1631435429.98051,181.46000000,4.00000000
1631435430.127997,181.41000000,0.07000000
1631435430.477814,181.46000000,2.14000000
1631435430.637266,181.46000000,0.50000000
1631435430.639518,181.46000000,0.50000000
1631435430.640131,181.46000000,3.50000000
1631435430.641014,181.46000000,2.50000000
1631435430.641515,181.46000000,8.50000000
1631435430.642005,181.46000000,5.12000000
1631435430.642609,181.46000000,6.75000000
1631435430.79969,181.49000000,3.36000000
1631435430.8039198,181.49000000,2.50000000
1631435430.8071291,181.49000000,3.00000000
1631435430.807803,181.49000000,1.50000000
1631435430.80832,181.49000000,6.00000000
1631435430.8087838,181.49000000,27.88000000
1631435430.8092391,181.49000000,2.00000000
1631435430.80975,181.49000000,6.00000000
1631435430.810157,181.49000000,2.50000000
1631435430.8106701,181.49000000,2.00000000
1631435430.8111732,181.49000000,2.00000000
1631435430.811898,181.49000000,2.00000000
1631435430.812628,181.49000000,0.50000000
1631435430.813226,181.49000000,3.50000000
1631435430.8136718,181.49000000,0.50000000
1631435430.8143518,181.49000000,1.00000000
1631435430.828018,181.49000000,0.50000000
1631435430.829067,181.49000000,2.50000000
1631435430.8295171,181.49000000,3.00000000
1631435430.8299148,181.49000000,3.00000000
1631435430.830327,181.49000000,2.50000000
1631435430.830709,181.49000000,2.00000000
1631435430.831106,181.49000000,2.50000000
1631435430.831517,181.49000000,2.00000000
1631435430.8319108,181.49000000,3.50000000
1631435430.8322618,181.49000000,3.00000000
1631435430.832725,181.49000000,4.00000000
1631435430.833101,181.49000000,0.50000000
1631435430.83343,181.49000000,33.60000000
1631435430.834156,181.49000000,40.00000000
1631435430.83453,181.49000000,24.50000000
1631435430.8348842,181.49000000,5.00000000
1631435430.835259,181.49000000,1.50000000
1631435430.835632,181.49000000,38.75000000
1631435430.835977,181.49000000,33.60000000
1631435430.836322,181.49000000,3.50000000
1631435430.8366878,181.49000000,51.72000000
1631435430.8370318,181.49000000,79.00000000
1631435430.8373692,181.49000000,1.50000000
1631435430.837714,181.49000000,7.00000000
1631435430.838067,181.49000000,5.50000000
1631435430.838413,181.49000000,4.50000000
1631435430.838793,181.49000000,0.50000000
1631435430.839146,181.49000000,19.00000000
1631435430.839486,181.49000000,8.00000000
1631435430.8398578,181.49000000,17.50000000
1631435430.8402271,181.49000000,1.50000000
1631435430.8405728,181.49000000,0.50000000
1631435430.840929,181.49000000,0.50000000
1631435430.841289,181.49000000,0.50000000
1631435430.8420491,181.49000000,4.50000000
1631435430.851969,181.49000000,48.00000000
1631435430.86404,181.49000000,105.50000000
1631435430.877913,181.49000000,0.50000000
1631435430.9078841,181.49000000,6.16000000
1631435430.9613912,181.49000000,4.00000000
1631435430.982388,181.49000000,1.00000000
1631435430.987273,181.49000000,4.00000000
1631435430.993621,181.49000000,1.00000000
1631435430.994721,181.49000000,0.50000000
1631435430.995328,181.49000000,35.00000000
1631435430.9998899,181.49000000,0.50000000
1631435431.001478,181.49000000,1.50000000
1631435431.0024152,181.49000000,2.00000000
1631435431.0030909,181.49000000,1.00000000
1631435431.003909,181.49000000,40.00000000
1631435431.00477,181.49000000,1.50000000
1631435431.0095308,181.49000000,5.00000000
1631435431.027967,181.49000000,12.93000000
1631435431.110909,181.49000000,2.00000000
1631435431.139227,181.49000000,13.34000000
1631435431.1603131,181.49000000,0.93000000
1631435431.2778912,181.49000000,6.70000000
1631435431.3821151,181.49000000,6.60000000
1631435431.4063518,181.48000000,1.12000000
1631435431.407563,181.46000000,6.42000000
1631435431.408593,181.45000000,7.49000000
1631435431.4092832,181.44000000,8.40000000
1631435431.409816,181.44000000,2.14000000
1631435431.4278789,181.47000000,8.40000000
1631435431.438258,181.43000000,8.40000000
1631435431.477924,181.49000000,13.41000000
1631435431.502644,181.48000000,1.12000000
1631435431.507905,181.48000000,2.24000000
1631435431.691873,181.49000000,3.00000000
1631435431.727905,181.49000000,0.53000000
1631435431.740289,181.47000000,1.12000000
1631435431.741089,181.47000000,2.24000000
1631435433.028918,181.49000000,8.00000000
1631435433.079113,181.49000000,8.00000000
1631435433.232864,181.49000000,6.60000000
1631435433.351511,181.49000000,8.78000000
1631435433.4778922,181.48000000,6.70000000
1631435433.5421,181.45000000,2.67000000
1631435433.561159,181.47000000,5.95000000
1631435433.778195,181.44000000,1.02000000
1631435433.7891269,181.41000000,7.00000000
1631435433.791266,181.41000000,21.74000000
1631435433.793352,181.41000000,27.47000000
1631435433.8289301,181.40000000,3.14000000
1631435433.829653,181.40000000,2.58000000
1631435433.830225,181.40000000,2.81000000
1631435433.830743,181.40000000,9.47000000
1631435433.831529,181.40000000,1.50000000
1631435433.850137,181.36000000,1.07000000
1631435433.9290938,181.35000000,0.06000000
1631435434.227904,181.36000000,2.24000000
1631435434.228891,181.36000000,1.12000000
1631435434.229584,181.36000000,1.12000000
1631435434.22995,181.36000000,2.12000000
1631435434.328088,181.34000000,1.12000000
1631435434.952447,181.34000000,8.40000000
1631435434.953242,181.34000000,10.88000000
1631435434.953839,181.36000000,4.20000000
1631435435.255382,181.31000000,3.21000000
1631435435.6413498,181.37000000,8.40000000
1631435435.641869,181.37000000,20.40000000
1631435435.642402,181.41000000,0.06000000
1631435435.7279801,181.36000000,4.05000000
1631435437.178118,181.31000000,1.43000000
1631435437.17939,181.31000000,0.27000000
1631435437.1799839,181.31000000,23.07000000
1631435437.180663,181.31000000,40.93000000
1631435437.227943,181.33000000,6.95000000
1631435437.481345,181.29000000,34.60000000
1631435437.5580108,181.26000000,13.78000000
1631435437.5589912,181.25000000,0.35000000
1631435437.61362,181.21000000,1.00000000
1631435437.6314628,181.20000000,1.09000000
1631435437.632454,181.20000000,0.32000000
1631435437.636773,181.16000000,3.21000000
1631435437.6482291,181.17000000,6.63000000
1631435437.6491818,181.17000000,1.73000000
1631435437.690214,181.27000000,1.93000000
1631435438.53123,181.15000000,0.14000000
1631435438.54009,181.28000000,4.33000000
1631435439.339776,181.24000000,0.08000000
1631435440.109004,181.14000000,0.12000000
1631435440.9313622,181.15000000,0.96000000
1631435441.598592,181.12000000,0.06000000
1631435441.599293,181.12000000,1.17000000
1631435442.048088,181.14000000,0.06000000
1631435442.113579,181.14000000,7.43000000
1631435442.231562,181.17000000,7.49000000
1631435442.7334778,181.12000000,3.57000000
1631435443.631396,181.06000000,0.05000000
1631435444.886413,181.07000000,7.49000000
1631435444.941057,181.06000000,16.67000000
1631435444.981508,181.04000000,16.67000000
1631435444.989075,181.02000000,16.66000000
1631435445.8324249,181.04000000,1.74000000
1631435446.132534,181.00000000,0.55000000
1631435446.132986,181.00000000,0.31000000
1631435446.133429,181.00000000,0.22000000
1631435446.140697,180.99000000,0.11000000
1631435446.232573,181.04000000,2.13000000
1631435446.291724,180.96000000,0.15000000
1631435446.293155,180.96000000,0.09000000
1631435446.383397,181.00000000,0.09000000
1631435448.281375,180.96000000,7.49000000
1631435448.282169,180.97000000,1.13000000
1631435448.810385,180.97000000,6.36000000
1631435448.851014,180.95000000,0.11000000
1631435448.851956,180.94000000,0.11000000
1631435448.852403,180.93000000,0.07000000
1631435448.852889,180.91000000,0.80000000
1631435449.390841,180.92000000,3.38000000
1631435451.16259,181.00000000,0.40000000
1631435452.0374699,180.92000000,9.15000000
1631435452.0385568,180.89000000,0.18000000
1631435452.039119,180.88000000,1.62000000
1631435452.039695,180.88000000,0.18000000
1631435452.040262,180.87000000,0.14000000
1631435452.901247,180.92000000,0.24000000
1631435454.3815832,180.97000000,0.77000000
1631435454.395477,180.97000000,0.49000000
1631435454.3962188,181.01000000,1.66000000
1631435454.638721,181.00000000,8.40000000
1631435454.6996841,181.00000000,3.08000000
1631435454.833695,181.00000000,2.08000000
1631435454.839999,181.00000000,4.50000000
1631435454.859818,181.00000000,0.44000000
1631435454.94477,181.00000000,12.18000000
1631435456.600161,180.90000000,8.40000000
1631435456.6009002,180.92000000,8.40000000
1631435456.6315808,180.92000000,8.58000000
1631435456.7543738,180.88000000,8.40000000
1631435456.755349,180.89000000,20.00000000
1631435457.0089002,180.86000000,1.41000000
1631435457.010038,180.86000000,1.51000000
1631435457.0104132,180.86000000,0.06000000
1631435457.010936,180.86000000,0.50000000
1631435457.011345,180.86000000,0.31000000
1631435457.011683,180.86000000,0.15000000
1631435457.012038,180.85000000,8.25000000
1631435457.614388,180.90000000,0.06000000
1631435458.6934028,180.90000000,2.59000000
1631435459.056992,180.91000000,0.60000000
1631435460.007617,180.88000000,1.00000000
1631435460.0816882,180.94000000,1.68000000
1631435460.192488,180.88000000,3.02000000
1631435460.531777,180.88000000,2.14000000
1631435460.631724,180.88000000,5.00000000
1631435461.231665,180.94000000,1.09000000
1631435461.631616,180.94000000,0.16000000
1631435462.8315961,180.92000000,0.39000000
1631435463.461334,180.87000000,1.10000000
1631435463.462018,180.85000000,4.90000000
1631435463.931797,180.85000000,48.00000000
1631435466.4460008,180.85000000,49.16000000
1631435466.4467242,180.85000000,0.07000000
1631435467.731785,180.86000000,1.90000000
1631435468.395284,180.86000000,1.31000000
1631435468.396113,180.88000000,3.61000000
1631435468.396629,180.88000000,10.00000000
1631435469.3140411,180.88000000,2.50000000
1631435469.3319192,180.88000000,2.00000000
1631435469.333017,180.88000000,1.00000000
1631435469.346791,180.88000000,8.01000000
1631435469.4317288,180.84000000,2.33000000
1631435469.432508,180.84000000,0.15000000
1631435469.452993,180.83000000,0.16000000
1631435469.4818408,180.81000000,0.25000000
1631435469.482901,180.81000000,0.11000000
1631435469.483849,180.81000000,0.14000000
1631435469.484355,180.81000000,0.11000000
1631435469.531978,180.82000000,2.21000000
1631435473.284414,180.92000000,0.52000000
1631435473.285378,180.92000000,22.43000000
1631435473.337748,180.90000000,0.19000000
1631435473.544566,181.00000000,7.20000000
1631435473.545334,181.02000000,2.14000000
1631435473.5457962,181.08000000,8.04000000
1631435473.5463119,181.08000000,0.05000000
1631435474.791639,181.03000000,0.14000000
1631435475.031945,181.03000000,20.76000000
1631435475.0331562,181.01000000,7.31000000
1631435475.605286,181.04000000,0.26000000
1631435475.6060412,181.03000000,0.09000000
1631435475.614062,181.12000000,0.06000000
1631435476.642962,181.01000000,1.93000000
1631435477.691862,181.02000000,7.00000000
1631435477.713932,181.02000000,6.81000000
1631435477.714785,181.01000000,0.69000000
1631435477.731872,180.99000000,15.45000000
1631435481.565088,181.02000000,1.25000000
1631435481.596438,181.00000000,1.00000000
1631435482.404128,180.94000000,0.06000000
1631435482.405055,180.92000000,0.07000000
1631435482.405803,180.88000000,13.82000000
1631435482.406164,180.87000000,0.64000000
1631435482.4065459,180.86000000,0.06000000
1631435482.406901,180.86000000,6.88000000
1631435482.407325,180.85000000,4.26000000
1631435482.407674,180.84000000,0.06000000
1631435482.4080598,180.83000000,2.14000000
1631435482.40841,180.83000000,2.00000000
1631435482.408787,180.82000000,2.64000000
1631435482.409187,180.80000000,1.16000000
1631435482.409578,180.80000000,2.92000000
1631435485.981546,180.99000000,12.00000000
1631435485.98486,180.99000000,0.87000000
1631435485.986159,180.99000000,3.00000000
1631435486.386865,180.99000000,5.40000000
1631435486.3876631,180.99000000,2.88000000
1631435487.2338922,180.89000000,1.05000000
1631435487.5768461,180.99000000,4.69000000
1631435487.731586,180.97000000,8.40000000
1631435487.732384,180.99000000,12.00000000
1631435487.73277,180.99000000,8.40000000
1631435487.7332501,180.99000000,4.93000000
1631435487.733695,180.99000000,0.06000000
1631435487.77677,180.99000000,13.92000000
1631435487.976822,180.99000000,4.52000000
1631435490.2932851,181.00000000,0.77000000
1631435490.602293,180.99000000,8.40000000
1631435490.603356,180.98000000,2.98000000
1631435490.6250281,181.00000000,11.70000000
1631435490.625987,181.00000000,15.74000000
1631435491.974216,181.02000000,4.00000000
1631435493.1940658,180.98000000,8.24000000
1631435494.137235,181.03000000,4.17000000
1631435494.1381571,181.07000000,13.81000000
1631435494.138824,181.07000000,1.07000000
1631435494.1394281,181.08000000,0.24000000
1631435494.139956,181.08000000,5.16000000
1631435494.336246,181.05000000,0.36000000
1631435495.272456,181.00000000,0.27000000
1631435495.273237,180.95000000,1.40000000
1631435495.972188,181.01000000,0.98000000
1631435495.975429,181.02000000,3.76000000
1631435496.1754508,181.02000000,3.14000000
1631435498.5213802,181.12000000,0.06000000
1631435498.522677,181.12000000,8.40000000
1631435498.784802,181.08000000,1.54000000
1631435501.0967429,180.98000000,0.61000000
1631435501.097347,180.97000000,0.89000000
1631435502.819896,180.99000000,0.67000000
1631435503.096689,181.01000000,1.50000000
1631435504.0985448,181.02000000,1.50000000
1631435505.269345,181.04000000,5.59000000
1631435505.548924,181.09000000,15.80000000
1631435505.674238,181.16000000,2.14000000
1631435505.840367,181.13000000,12.70000000
1631435508.198663,181.20000000,0.09000000
1631435508.268726,181.22000000,17.29000000
1631435509.4713159,181.30000000,0.11000000
1631435509.6189618,181.21000000,8.40000000
1631435509.620236,181.21000000,12.00000000
1631435509.620995,181.20000000,7.49000000
1631435509.6216168,181.20000000,8.22000000
1631435509.622247,181.19000000,8.40000000
1631435509.622784,181.16000000,5.00000000
1631435509.623447,181.15000000,1.07000000
1631435509.62394,181.14000000,7.49000000
1631435509.624295,181.14000000,2.00000000
1631435509.6247392,181.13000000,4.25000000
1631435509.868405,181.22000000,4.60000000
1631435510.269137,181.22000000,7.49000000
1631435511.13769,181.18000000,6.34000000
1631435513.01794,181.14000000,0.83000000
1631435514.7264562,181.13000000,3.61000000
1631435514.727236,181.12000000,0.41000000
1631435515.868632,181.05000000,1.96000000
1631435518.097771,181.02000000,0.73000000
1631435520.336355,181.09000000,9.34000000
1631435520.367292,181.09000000,4.02000000
1631435520.373017,181.10000000,6.42000000
1631435521.36733,181.09000000,0.30000000
1631435521.387655,181.15000000,0.35000000
1631435521.71723,181.08000000,6.00000000
1631435522.167497,181.08000000,0.60000000
1631435523.121181,181.07000000,6.42000000
1631435523.167042,181.02000000,1.77000000
1631435525.617287,181.02000000,0.24000000
1631435527.666783,180.99000000,5.00000000
1631435527.7734149,180.95000000,2.00000000
1631435528.0901482,181.00000000,0.58000000
1631435528.8708842,180.93000000,2.62000000
1631435529.2429261,180.95000000,8.13000000
1631435531.416689,180.98000000,0.55000000
1631435531.4177,181.00000000,0.03000000
1631435532.366772,181.00000000,2.32000000
1631435532.5859041,180.92000000,0.48000000
1631435533.0202408,180.90000000,0.10000000
1631435533.0208619,180.90000000,6.51000000
1631435533.275656,180.90000000,2.31000000
1631435533.724409,180.94000000,0.80000000
1631435533.77556,180.90000000,4.00000000
1631435534.1194959,180.90000000,10.88000000
1631435536.9926772,180.92000000,0.05000000
1631435538.116562,180.90000000,0.26000000
1631435538.117704,180.88000000,0.12000000
1631435538.366592,180.92000000,0.90000000
1631435538.3676422,180.92000000,8.40000000
1631435538.368193,180.95000000,4.10000000
1631435541.249459,180.92000000,1.62000000
1631435542.5234208,180.90000000,1.00000000
1631435543.0413508,180.93000000,0.79000000
1631435543.316619,180.93000000,4.10000000
1631435545.3775601,180.90000000,0.09000000
1631435545.378324,180.90000000,3.92000000
1631435545.7678201,180.90000000,6.05000000
1631435545.8264441,180.90000000,0.57000000
1631435545.8276858,180.88000000,2.88000000
1631435545.8286011,180.87000000,21.14000000
1631435546.1438808,180.87000000,2.62000000
1631435546.2219489,180.86000000,0.06000000
1631435546.22261,180.86000000,0.13000000
1631435546.541239,180.83000000,0.72000000
1631435546.616502,180.83000000,1.02000000
1631435546.619197,180.83000000,4.36000000
1631435547.016617,180.85000000,0.24000000
1631435547.243095,180.83000000,5.14000000
1631435547.587806,180.89000000,4.90000000
1631435547.829111,180.87000000,0.42000000
1631435547.982157,180.87000000,7.59000000
1631435548.138489,180.82000000,1.26000000
1631435548.1390452,180.82000000,0.75000000
1631435548.566582,180.85000000,0.07000000
1631435548.567721,180.81000000,0.11000000
1631435548.5683131,180.81000000,2.98000000
1631435548.843441,180.80000000,5.09000000
1631435549.828941,180.80000000,8.18000000
1631435551.517783,180.80000000,34.24000000
1631435551.518604,180.80000000,5.81000000
1631435552.0674329,180.80000000,0.15000000
1631435552.071698,180.80000000,0.11000000
1631435552.072451,180.79000000,0.14000000
1631435552.0730119,180.79000000,0.41000000
1631435552.07358,180.78000000,1.31000000
1631435554.616541,180.82000000,8.40000000
1631435554.6176288,180.82000000,3.58000000
1631435554.6364758,180.83000000,8.40000000
1631435554.637175,180.82000000,9.98000000
1631435556.931902,180.85000000,0.08000000
1631435556.932492,180.81000000,0.70000000
1631435557.0173178,180.79000000,0.98000000
1631435557.0666082,180.78000000,4.45000000
1631435557.091688,180.78000000,2.72000000
1631435557.1476989,180.78000000,0.77000000
1631435558.170513,180.78000000,2.14000000
1631435558.245806,180.76000000,2.49000000
1631435559.916564,180.77000000,4.77000000
1631435560.371558,180.77000000,0.14000000
1631435560.748564,180.74000000,0.54000000
1631435560.749482,180.74000000,8.40000000
1631435560.76657,180.73000000,0.39000000
1631435560.894721,180.73000000,6.23000000
1631435560.8960829,180.72000000,0.12000000
1631435560.8970292,180.71000000,0.15000000
1631435560.8976269,180.71000000,0.31000000
1631435560.89809,180.71000000,1.56000000
1631435561.180521,180.75000000,1.65000000
1631435561.1995258,180.71000000,0.07000000
1631435561.666462,180.70000000,0.18000000
1631435561.667074,180.70000000,0.11000000
1631435561.6674829,180.70000000,0.11000000
1631435562.7854478,180.70000000,3.59000000
1631435562.839423,180.70000000,1.29000000
1631435562.887275,180.70000000,1.65000000
1631435564.216577,180.78000000,11.70000000
1631435564.316715,180.78000000,4.81000000
1631435564.317661,180.78000000,0.14000000
1631435564.674964,180.80000000,0.96000000
1631435565.59315,180.80000000,1.18000000
1631435565.716667,180.80000000,0.61000000
1631435565.717629,180.77000000,0.14000000
1631435565.718266,180.76000000,0.36000000
1631435565.866549,180.85000000,4.59000000
1631435566.78161,180.77000000,3.98000000
1631435567.116642,180.84000000,2.00000000
1631435567.2666602,180.89000000,0.14000000
1631435567.3166661,180.79000000,8.40000000
1631435567.318055,180.77000000,4.42000000
1631435567.318667,180.75000000,4.80000000
1631435567.3192582,180.74000000,12.00000000
1631435567.319872,180.73000000,10.00000000
1631435567.32081,180.73000000,2.00000000
1631435567.321352,180.73000000,88.65000000
1631435567.321884,180.73000000,31.73000000
1631435567.416608,180.87000000,2.05000000
1631435567.5714822,180.83000000,2.24000000
1631435567.572448,180.83000000,0.89000000
1631435571.291129,180.75000000,0.11000000
1631435571.2917151,180.75000000,1.72000000
1631435571.549577,180.76000000,2.24000000
